model,type,a,b,c,d
1,$\E$,82.5,550,13.75,17.875
,$\D$,21.25,850,13.1675,25.140575
2,$\E$,82.5,550,13.75,17.8749
,$\D$,21.25,850,14.0475,26.627775
