model,type,pc,pc_a,pc_b,pc_d,pc_ab,pc_abd
1,$\E$,13.749999999999996,13.799999999999994,13.749999999999998,13.895970598988916,13.799999999999994,13.902755594358691
,$\D$,13.167500000000018,13.000000000000057,13.082500000000039,1.5335817006729258,12.915000000000106,1.53014020852018
2,$\E$,13.75,13.8,13.75,13.893833892236303,13.8,13.90017516703948
,$\D$,14.047500000000014,13.884999999999962,13.962499999999949,1.543943329095583,13.799999999999898,1.5408838495818884